"PID","ParentPID","Name","Path","SHA256","Flags","VTDetections","VTLink"
"0","0","System Idle Process",,,"NoPathVisible (run as Admin to inspect)",,
"4","0","System",,,"NoPathVisible (run as Admin to inspect)",,
"188","4","Secure System",,,"NoPathVisible (run as Admin to inspect)",,
"232","4","Registry",,,"NoPathVisible (run as Admin to inspect)",,
"820","4","smss.exe",,,"NoPathVisible (run as Admin to inspect)",,
"1188","988","csrss.exe",,,"NoPathVisible (run as Admin to inspect)",,
"1276","988","wininit.exe",,,"NoPathVisible (run as Admin to inspect)",,
"1300","1268","csrss.exe",,,"NoPathVisible (run as Admin to inspect)",,
"1376","1268","winlogon.exe","C:\WINDOWS\system32\winlogon.exe","55CC39A93052A56FF7EFE7723387E61F5A0484B10181F46EC65E9D489B2E7298","",,
"1400","1276","services.exe",,,"NoPathVisible (run as Admin to inspect)",,
"1444","1276","LsaIso.exe",,,"NoPathVisible (run as Admin to inspect)",,
"1452","1276","lsass.exe",,,"NoPathVisible (run as Admin to inspect)",,
"1592","1400","svchost.exe","C:\WINDOWS\system32\svchost.exe","1222A44A5FDB4EFDE4DFCB41093648627950E7EC02D8667F1C26CCAE31D922E2","",,
"1620","1276","fontdrvhost.exe","C:\WINDOWS\system32\fontdrvhost.exe","D641BD8BD068F9970D0A78E906A1AFB9AD5BD291EDF4EEE54B8BA668FE85C887","",,
"1628","1376","fontdrvhost.exe","C:\WINDOWS\system32\fontdrvhost.exe","D641BD8BD068F9970D0A78E906A1AFB9AD5BD291EDF4EEE54B8BA668FE85C887","",,
"1712","1400","WUDFHost.exe","C:\Windows\System32\WUDFHost.exe","34627B2C279AC6B3C220E865358D2F781D10C2F3F3EAC7E95516D563EB40BB37","",,
"1760","1400","svchost.exe","C:\WINDOWS\system32\svchost.exe","1222A44A5FDB4EFDE4DFCB41093648627950E7EC02D8667F1C26CCAE31D922E2","",,
"1820","1400","svchost.exe","C:\WINDOWS\system32\svchost.exe","1222A44A5FDB4EFDE4DFCB41093648627950E7EC02D8667F1C26CCAE31D922E2","",,
"1876","1400","WUDFHost.exe","C:\Windows\System32\WUDFHost.exe","34627B2C279AC6B3C220E865358D2F781D10C2F3F3EAC7E95516D563EB40BB37","",,
"1932","1376","dwm.exe","C:\WINDOWS\system32\dwm.exe","20839D57F1E7BA7F90556AD654E6E769C8A1BC790D22ED0949369CE2F637861D","",,
